<?xml version="1.0" encoding="UTF-8"?>
<project-private xmlns="http://www.netbeans.org/ns/project-private/1">
    <editor-bookmarks xmlns="http://www.netbeans.org/ns/editor-bookmarks/2" lastBookmarkId="0"/>
    <open-files xmlns="http://www.netbeans.org/ns/projectui-open-files/2">
        <group>
            <file>file:/C:/Users/hadda/OneDrive/Bureau/Algo/JavaApplication20/src/Projet/Joueur.java</file>
            <file>file:/C:/Users/hadda/OneDrive/Bureau/Algo/JavaApplication20/src/Projet/Plateau.java</file>
            <file>file:/C:/Users/hadda/OneDrive/Bureau/Algo/JavaApplication20/src/Projet/Main.java</file>
            <file>file:/C:/Users/hadda/OneDrive/Bureau/Algo/JavaApplication20/src/Projet/TuilesTombales.java</file>
            <file>file:/C:/Users/hadda/OneDrive/Bureau/Algo/JavaApplication20/src/Projet/FlaqueHemoglobine.java</file>
            <file>file:/C:/Users/hadda/OneDrive/Bureau/Algo/JavaApplication20/src/Projet/ActionJoueur.java</file>
            <file>file:/C:/Users/hadda/OneDrive/Bureau/Algo/JavaApplication20/src/Projet/GameManager.java</file>
            <file>file:/C:/Users/hadda/OneDrive/Bureau/Algo/JavaApplication20/src/Projet/Pions.java</file>
        </group>
    </open-files>
</project-private>
